{
  "logistic_regression": {
    "accuracy": 0.8012492901760363,
    "precision": 0.6473551637279596,
    "recall": 0.550321199143469,
    "f1": 0.5949074074074074,
    "roc_auc": 0.8455902551390209,
    "confusion_matrix": [
      [
        1154,
        140
      ],
      [
        210,
        257
      ]
    ],
    "classification_report": "              precision    recall  f1-score   support\n\n           0       0.85      0.89      0.87      1294\n           1       0.65      0.55      0.59       467\n\n    accuracy                           0.80      1761\n   macro avg       0.75      0.72      0.73      1761\nweighted avg       0.79      0.80      0.80      1761\n"
  },
  "random_forest": {
    "accuracy": 0.787052810902896,
    "precision": 0.6402439024390244,
    "recall": 0.44967880085653106,
    "f1": 0.5283018867924528,
    "roc_auc": 0.8262719717755148,
    "confusion_matrix": [
      [
        1176,
        118
      ],
      [
        257,
        210
      ]
    ],
    "classification_report": "              precision    recall  f1-score   support\n\n           0       0.82      0.91      0.86      1294\n           1       0.64      0.45      0.53       467\n\n    accuracy                           0.79      1761\n   macro avg       0.73      0.68      0.70      1761\nweighted avg       0.77      0.79      0.77      1761\n"
  },
  "xgboost": {
    "accuracy": 0.7791027825099376,
    "precision": 0.6037234042553191,
    "recall": 0.4860813704496788,
    "f1": 0.538552787663108,
    "roc_auc": 0.8113894138322484,
    "confusion_matrix": [
      [
        1145,
        149
      ],
      [
        240,
        227
      ]
    ],
    "classification_report": "              precision    recall  f1-score   support\n\n           0       0.83      0.88      0.85      1294\n           1       0.60      0.49      0.54       467\n\n    accuracy                           0.78      1761\n   macro avg       0.72      0.69      0.70      1761\nweighted avg       0.77      0.78      0.77      1761\n"
  }
}